emma,1234, False, 80d4010585ec2e509f89346b1e4d486a
Marcos,1234,True,dc03a1635672240e1e98e30e08272950
Pepe,0000, False, 933cbe4d21f2be740f550d10b47dc613
John,1234,False,beaa05080525fc0d3af32519a222f990
ricardo,6666,False,992619c089e9e87f8bcb6aacd100dd88
juan,0000,False,1e8555838a3d455209dad687109627fc
Juan,1234,False,d6108e8dde297f1799ca4e752255268d
JUan,1234,False,d6108e8dde297f1799ca4e752255268d
Gabriel,1234,920021014fcb5231fc60ab82a30c84ef,
Julian,1234,ad85e9778b4830f69dff5b0cb8f387fa,
Jorge,picado123,e5fdef4955940573674cfc7a586edcd8,
Fiumba,3333,False,20107d3dac7b2c0c09362c355f50d462
